dispShopNo,brand_No,brand_name,total,status
10004945,16394,SULWHASOO,115,o
10005121,16182,THE HISTORY OF WHOO,74,o
10003969,16606,LANEIGE,103,o
10003449,10407,SHISEIDO,119,o
10001977,16435,ETUDE,283,o
10000609,18348,3CE,200,o
10002897,17307,innisfree,180,o
10001545,16503,Cheong Kwan Jang,94,o
10021405,1002366,AHAVA,30,o
10010604,1001234,16BRAND,51,o
10000008,19761,23years old,12,o
10026927,1003047,2AN,22,o
10013212,1001495,A-BEAUTY,6,o
10000024,19689,A. by BOM,6,o
10016616,1001711,A2AGE,12,o
10008446,19907,ABCDERM,15,o
10008454,19938,ABIB,54,o
10014911,1001635,ACCA KAPPA,57,o
10027000,1003060,ACNES,10,o
10000625,17941,ACQUA DI PARMA,142,o
10011879,1001364,ACROPASS,10,o
10000633,19649,ADDICTION,98,o
10000641,11053,AESOP,114,o
10000657,19655,AGE20'S,40,o
10008866,16676,AHC,62,o
10017077,1001780,AKARAN,1,o
10009682,1001137,ALAXO,10,o
10000689,16164,ALEX COSMETIC,19,o
10017397,1001866,ALLIE,6,o
10000737,16501,AMORE PACIFIC,39,o
10000058,10001,ANNA SUI,141,o
10016838,1001744,ANTIPODES,30,o
10006315,19810,APIDERMA,9,o
10000777,10004,ARAMIS,4,o
10017260,1001816,ARUMYEON,2,o
10024315,1002684,ARZTIN,11,o
10017573,1001845,ATOBEBE,3,o
10000801,17848,ATOPALM,83,o
10009003,1001033,AVAJAR,17,o
10006331,19886,AVANCE,33,o
10000825,17308,AVEDA,120,o
10000833,16537,AVENE,68,o
10017389,1001795,BABOR,8,o
10017043,1001777,BAIYERANG,7,o
10026381,1002960,BANDI NAIL,26,o
10023512,1002555,BANOBAGI,26,o
10016964,1001781,BARRIER REPAIR,12,o
10021209,1002357,BB LABORATORIES,6,o
10013944,1001585,BCL,44,o
10006667,19780,BEAURA & BEAUTY BAR,4,o
10011230,1001333,BEAUTY AIRPORT,7,o
10010913,1001310,BEAUTY BLENDER,15,o
10015131,1001669,BEBALANCE,27,o
10000945,18366,BEBEGANIC,31,o
10019435,1002086,BELLA MONSTER,22,o
10000961,16129,BENEFIT,109,o
10000993,18176,BEURER,80,o
10001001,19681,BEYOND,19,o
10006675,19871,BIFESTA,17,o
10001009,17600,BIO OIL,7,o
10001017,17376,BIODERMA,47,o
10016697,1001737,BIOEFFECT,18,o
10001033,10125,BIOTHERM,83,o
10010743,1001271,BIZOO,7,o
10009118,17368,BLACKMORES,37,o
10013700,1001557,BLAK,10,o
10016810,1001755,BLANC DOUX,9,o
10022546,1002481,BRTC,23,o
10009622,1001106,BULY1803,25,o
10000082,10036,BURBERRY,124,o
10008983,10053,BVLGARI,83,o
10019222,1002068,BY ECOM,20,o
10001201,16699,Banila co.,96,o
10001217,16756,Belif,56,o
10010759,1001281,Black Monster,24,o
10000094,10090,CALVIN KLEIN,80,o
10019694,1002146,CAMIANE,15,o
10001233,17724,CANMAKE,95,o
10001257,19680,CARE ZONE,16,o
10001297,17277,CAUDALIE,60,o
10001305,18435,CELDERMA,28,o
10023309,1002541,CELLBN,11,o
10001321,11062,CELLEX-C,7,o
10026207,1002926,CELLPIDERM,15,o
10014776,1001618,CELLRETURN,5,o
10010052,1001183,CENTELLIAN24,50,o
10008526,19948,CEZANNE,64,o
10026403,1002964,CHAHONG,19,o
10001345,19367,CHAKAN FACTORY,39,o
10023973,1002622,CHALLANS DE PARIS,60,o
10006715,19825,CHANTECAILLE,67,o
10006563,19846,CHARACTER WORLD,706,o
10001361,16502,CHARMZONE,14,o
10012731,1001423,CHOKCHOK,16,o
10001377,17883,CHOSUNGAH 22,43,o
10025142,1002738,CIVASAN,16,o
10018409,1001991,CLAPIEL,20,o
10001401,10292,CLARINS,164,o
10001409,17993,CLARISONIC,20,o
10001417,17296,CLE DE PEAU BEAUTE,86,o
10025826,1002859,CLEDBEL,25,o
10017150,1001817,DREAM WORKS,35,o
10013642,1001546,CLENSURE,6,o
10015455,1001672,Dr.ARRIVO,21,o
10005994,10075,CLINIQUE,185,o
10001817,17922,Dr.G,42,o
10001441,16738,CLIO,110,o
10001825,16085,Dr.Jart+,154,o
10022556,1002483,CLIV,11,o
10001841,16806,Dr.Natural,84,o
10001449,16698,CNP,126,o
10016866,1001765,Dr.Wu,20,o
10027376,1003113,COMOJOY,8,o
10010751,1001282,Dr.wonder,18,o
10017278,1001843,CONDENSE,22,o
10009567,1001118,E NATURE,39,o
10019150,1002056,COROKU,16,o
10027099,1003075,EAST THEORY,4,o
10006755,19822,COSRX,43,o
10001865,18265,EASYDEW,47,o
10017122,1001797,CR7,5,o
10008612,19927,ECLADO,11,o
10001513,16097,CREED,36,o
10017338,1001860,ECO FACE,1,o
10001537,17341,Cell Fusion C,52,o
10026442,1002949,EISENBERG,42,o
10001553,18145,Coreana,17,o
10023299,1002548,ELIXIR,29,o
10001561,16391,Crazy Monkey,17,o
10008574,19952,D.P.C,55,o
10001913,10133,ELIZABETH ARDEN,152,o
10010596,1001255,ELROEL,59,o
10001593,16708,DANAHAN,26,o
10001929,16636,EMBRYOLISSE,9,o
10019284,1002082,DANCING WHALE,11,o
10001945,18412,ENPRANI,22,o
10015226,1001673,EPONA,18,o
10001601,10110,DAVIDOFF,17,o
10011160,1001328,DEAR DAHLIA,110,o
10009655,1001104,,48,o
10017230,1001831,ESLENA,7,o
10022263,1002440,DEAR LAUREN,6,o
10002665,19585,JAYJUN,63,o
10002681,17517,JEANNE PIAUBERT,49,o
10000299,17259,JILL STUART,123,o
10008668,19956,JMSOLUTION,120,o
10017593,0,BLOOMING CELL Beauty,0,x
10019732,1002157,BLUEDOG,302,o
10005988,11048,BOBBI BROWN,261,o
10023468,1002526,BODYLUV,26,o
10020263,1002230,BOH,17,o
10024117,1002649,BOMB COSMETICS,22,o
10019759,1002162,BOMIRAI,1,o
10023448,1002545,BONABELLA,19,o
10025866,1002871,BONPOINT,547,o
10015086,1001660,BORGHESE,6,o
10001121,10054,BRAUN,26,o
10001137,18705,BREO,22,o
10012030,1001388,BRILLIANT,31,o
10024020,1002626,BRISKIN,6,o
10000399,17338,MONTBLANC,24,o
10027078,1003071,MONTBRUN,11,o
10004537,10347,MOTHERNEST,85,o
10017063,1001779,MOTTE&BAILEY,11,o
10004553,18368,MUCOTA,67,o
10009110,1001054,MUH,22,o
10023398,1002561,MURAD,23,o
10020011,1002193,MUSTELA,21,o
10006395,19859,Mamonde,50,o
10017053,1001778,NACIFIC,15,o
10016711,1001739,NAILFRIENDS BONGBONG,32,o
10004625,17825,NARS,123,o
10022477,1002470,NATIONAL GEOGRAPHIC,826,o
10019999,1002132,NATURA BISSE,34,o
10004633,17328,NATURE REPUBLIC,137,o
10004641,16112,NATURE S FAMILY,125,o
10027305,1003098,NEEPIEL,2,o
10018162,1001970,NEOGEN,84,o
10010007,1001151,NEWA,1,o
10016594,1001726,NINE WISHES,35,o
10004713,16146,NOODLE & BOO,21,o
10026469,1002971,NT1,3,o
10004729,18485,NUXE,40,o
10023652,1002523,NuFACE,12,o
10004745,16027,O HUI,49,o
10023931,1002616,OGI,6,o
10020430,1002270,OLIGODERMIE,17,o
10027068,1003058,ORBIS,15,o
10004841,19733,OSULLOC,95,o
10019945,1002189,OXYGENCEUTICALS,48,o
10004809,10410,Origins,72,o
10021903,1002426,PAIR ACNE,4,o
10004865,19046,PAPA RECIPE,17,o
10000414,17997,PAUL & JOE BEAUTE,57,o
10022651,1002408,PENEGREEN,20,o
10004889,17741,PENHALIGON'S,89,o
10023184,1002538,PERFECT ONE,10,o
10004897,17872,PETITELIN,184,o
10024168,1002648,PHANY,6,o
10004921,10419,PHILIPS,26,o
10004929,17571,PHILOSOPHY,87,o
10006451,19735,PHYSIOGEL,13,o
10010953,1001208,PHYTOMER,13,o
10013904,1001560,POLA,57,o
10003041,19095,PONY EFFECT,70,o
10008998,19972,PORORO,186,o
10000439,17147,PRADA,50,o
10027134,1003082,PRETTYSKIN,15,o
10006475,19876,PRIMAGE,20,o
10003065,17261,PRIMERA,70,o
10023821,1002604,PURENSKIN,2,o
10020043,1002200,PUTTISU,33,o
10027253,1003092,PUTTO,4,o
10003081,16482,Panasonic,30,o
10006483,19816,Pyunkang Yul,36,o
10025992,1002888,RAEL,16,o
10003033,10417,RALPH LAUREN Fragrance,36,o
10016856,1001763,RANNCE,4,o
10027089,1003073,RARITA,3,o
10008780,19918,RECIPE,10,o
10003193,18966,REFA,29,o
10020523,1002288,REJURAN,16,o
10026351,1002954,REVIVE,23,o
10025972,1002886,RITUALS,30,o
10003241,16716,RMK,103,o
10023951,1002620,ROMAND,127,o
10026426,1002968,ROROBELL,13,o
10019587,1002118,ROSETTE,13,o
10021028,1002331,ROUND LAB,17,o
10020788,1002300,ROUNDAROUND,20,o
10018722,1002027,ROYAL,21,o
10003289,18581,ROYAL SKIN,27,o
10012859,16836,Re:NK,33,o
10017013,1001775,SAAT INSIGHT,25,o
10008796,19929,SABEMASSON,16,o
10025343,1002801,SABON,104,o
10020469,1002218,SANTA MARIA NOVELLA,58,o
10023129,1002528,SATSUDORA,85,o
10003401,16118,SCHRAMMEK,11,o
10003409,18695,SEBAMED,39,o
10025081,1002714,SECRET AGE,13,o
10025413,1002796,SECRETMUSE,24,o
10003441,16483,SEKKISEI,64,o
10019674,1002144,SENSICA,1,o
10009070,1001041,SERENDI BEAUTY,20,o
10021008,1002339,SERGE LUTENS,76,o
10019801,1002152,SESDERMA,27,o
10006547,19866,SHANGPREE,33,o
10012179,1001397,SHIONLE,25,o
10000561,11049,SHU UEMURA,145,o
10008804,19920,SILK N,11,o
10006555,19797,SILLYMANN,69,o
10015477,1001699,SINGULADERM,16,o
10003481,10471,SISLEY COSMETIC,184,o
10000545,10438,SK-II,54,o
10010333,1001203,SKEDERM,9,o
10024179,18275,SKIN1004,13,o
10003537,19739,SKINATURE,19,o
10003569,18445,SNP,48,o
10022536,1002391,SOMEBYMI,18,o
10024305,1002682,SONATURAL,15,o
10003609,17688,SOO RYE HAN,65,o
10017549,1001814,SOON SOO JA A,23,o
10022576,1002487,SOSOOPL,11,o
10006595,19851,SOTHYS,23,o
10008883,19971,SPA TREATMENT,13,o
10027109,1003077,SPITZE,3,o
10017441,1001856,SUISAI,4,o
10003697,17107,SUISKIN,11,o
10004953,16436,SUM37˚,73,o
10006643,19865,SUQQU,63,o
10006659,19818,SWANICOCO,27,o
10014923,1001621,SWISSE,32,o
10005017,19335,Stephen Joseph,154,o
10005049,17263,TALIKA,21,o
10023985,1002629,TESCOM,15,o
10026177,1002919,THALGO,12,o
10005073,17651,THANN,73,o
10005089,17365,THAYERS,8,o
10019568,1002129,THE BEAUTOOLS,5,o
10005097,16489,THE BODY SHOP,189,o
10005113,16352,THE FACE SHOP,273,o
10005121,16182,THE HISTORY OF WHOO,74,o
10005145,19676,THE OOZOO,14,o
10008208,19968,THE ORCHID SKIN,138,o
10005161,17356,THE SAEM,244,o
10007103,19874,THREE,124,o
10024283,1002654,TIRTIR,77,o
10005265,16274,TONYMOLY,223,o
10005273,18335,TOOCOOLFORSCHOOL,148,o
10021460,1002335,TOUCH IN SOL,15,o
10007111,19828,TRIA,7,o
10007119,16544,TRILOGY,20,o
10014529,1001595,TRIPOLLAR,9,o
10007127,19864,TWEEZERMAN,34,o
10005329,19709,The saga of 秀,29,o
10006435,19813,UGB,36,o
10005353,18925,ULOS,15,o
10019811,1002151,ULTRA SUN,12,o
10013120,1001480,ULTRA V,23,o
10022588,1002411,UNIQUEMI,7,o
10005369,18216,UNIX,19,o
10018788,1002029,UNNYCLUB,82,o
10005385,11051,URBAN DECAY,86,o
10005401,18225,URIAGE,40,o
10005441,19225,VANT36.5,57,o
10005449,18896,VASELINE,14,o
10005457,19633,VDL,120,o
10000475,16496,VERSACE,78,o
10013722,1001563,VERYMOM,17,o
10005497,18766,VICHY,29,o
10005521,17793,VIDIVICI,155,o
10015121,1001667,VITABRID,16,o
10005569,17686,VONIN,1,o
10007151,19841,VPROVE,48,o
10008242,19961,VT COSMETICS,40,o
10006190,19799,Victorias Secret,500,o
10005577,19705,W.Lab,78,o
10020892,1002330,WELLAGE,31,o
10009404,1001073,WELLDERMA,34,o
10022511,1002475,WETTRUST,11,o
10017250,1001835,WHAL MYUNG,9,o
10010612,1001237,WONDER BATH,9,o
10007159,19889,WONJIN EFFECT,18,o
10010401,1001200,When,36,o
10013714,1001561,XIAOMI,78,o
10020233,1002236,XOUL,15,o
10018399,1002008,XYZ,14,o
10009500,1001098,YAMAN,16,o
10017111,1001773,YEOWOO HWAJANGDAE,6,o
10005633,17936,YONKA,41,o
10005657,17436,YUNGO,88,o
10027179,1003090,YUNJAC,34,o
10007167,19884,YUNOHANA,6,o
10027436,1003125,YURICA,9,o
10000498,10580,YVES SAINT LAURENT,151,o
10023995,1002631,ZELENS,10,o
10008266,19958,acwell,35,o
10002833,18116,cloud9,6,o
10013650,1001543,d'Alba,39,o
10002849,18636,eosika,6,o
10002865,17416,espoir,181,o
10002905,17490,isoi,108,o
10002921,17985,merbe,3,o
10021585,1002386,phymongshe,33,o
10002969,18375,skylake,67,o
10010075,1001188,,22,o
10022929,1002521,whittlestore,28,o
10000697,19647,ALLO,14,o
10026240,1002932,AMUSE,14,o
10025308,1002779,ARTIS,25,o
10025672,1002810,BT21,66,o
10026573,1002992,BYREDO,92,o
10023194,1002490,BYTERRY,14,o
10019043,1002048,CANDY LAB,7,o
10020193,17890,CATH KIDSTON,161,o
10025803,1002860,CATRICE,17,o
10026230,1002930,CILY COSMETIC,18,o
10017240,1001832,COSMOPOLITAN,9,o
10024005,1002593,COURCELLES,16,o
10006763,19771,DASHING DIVA,123,o
10013139,1001476,DEJAVU,6,o
10022608,1002491,DESIGN COUNCIL BUSAN,54,o
10008294,19957,GIVERNY,15,o
10000259,16262,GUCCI,126,o
10022763,1002502,HINCE,8,o
10002521,19105,I'M MEME,83,o
10025545,1002787,INGLOT,26,o
10022836,1002515,ITHINKSO,140,o
10003817,17316,KATE,39,o
10026318,1002947,KEVYN AUCOIN,28,o
10018108,0,JO MALONE LONDON,0,x
10003737,16707,JOHN VARVATOS,33,o
10027295,1003096,JUICE TO CLEANSE,3,o
10008113,19928,JUNG SAEM MOOL,46,o
10003761,16123,JURLIQUE,59,o
10009917,1001168,Jil Gyung Yi,11,o
10008676,19924,KAKAO FRIENDS,651,o
10000310,10301,KENZO,77,o
10013920,1001554,KIDS COS,172,o
10003841,16175,KIEHL S,111,o
10018078,1001983,KIM JEONG MOON ALOE,32,o
10019140,1002049,KINKA,8,o
10003865,16919,KISS ME,91,o
10009726,1001134,KLAVUU,38,o
10021385,1002356,KLEANTHOUS,20,o
10010588,1001253,KOIZUMI,9,o
10025876,1002873,KRACIE,7,o
10003785,10313,Kanebo,13,o
10003913,16887,Koh Gen Do,50,o
10025765,0,KILIAN,0,x
10020295,1002251,L.linic,1,o
10019779,1002165,KISMILE,4,o
10027470,1003130,L.linic,1,o
10020913,1002232,KUMO,23,o
10003993,16466,LAURA MERCIER,121,o
10004025,10342,LESPORTSAC,200,o
10016608,1001713,LILYBYRED,20,o
10025682,19930,LINE FRIENDS,68,o
10027496,1003135,OHORA,16,o
10021425,1002368,OPERA,6,o
10004785,16122,OPI,59,o
10023502,1002553,PEACH.C,37,o
10008740,19916,PICCASSO,271,o
10025423,1002816,PICCASSO COLLEZIONI,18,o
10023438,1002556,REAL TECHNIQUES,13,o
10025137,1002733,ROLAROLA,153,o
10003665,17683,STILA,60,o
10020950,1002342,SUNNYLIFE,221,o
10025960,1002883,SUREPI,16,o
10010556,1001222,THE TOOL LAB,49,o
10020601,0,TOM FORD BEAUTY Beauty,0,x
10019548,1002125,VISEE,62,o
10017210,1001819,WAKE MAKE,32,o
10005649,17258,YOUK SHIM WON,352,o
10008398,19935,100BON,25,o
10006307,19880,ABERCROMBIE&FITCH,9,o
10000745,17730,AMOSPROFESSIONAL,40,o
10016663,1001728,ARVO,33,o
10000793,18097,ATELIER COLOGNE,49,o
10000841,19598,B&B,8,o
10024262,1002668,BANYAN TREE,45,o
10001057,18134,BLANC101,32,o
10010117,1001173,BONABITS,16,o
10012567,1001437,CAGAPUTZI,28,o
10022737,1002506,CAPITANO,12,o
10009088,1001057,CAROLINA HERRERA,18,o
10000119,16179,CHLOE,33,o
10022497,1002473,CHOPARD,6,o
10001425,16498,CLEAN,33,o
10010030,19877,COACH,20,o
10018420,0,LA MER,0,x
10013896,1001591,LA MUSE,55,o
10003929,10333,LA PRAIRIE,96,o
10003937,18767,LA ROCHE-POSAY,41,o
10003945,16222,,33,o
10007003,19857,LABIOTTE,38,o
10017583,1001842,LACOUVEE,16,o
10010723,1001277,LADOR,34,o
10009332,1001072,LADUREE,63,o
10023811,1002602,LADYKIN,9,o
10010409,1001214,LAGOM,13,o
10000553,10326,LANCOME,218,o
10017613,1001851,LAVIEN,37,o
10022084,1002430,LAYERED FRAGRANCE,48,o
10011818,1001371,LE CHATELARD 1802,13,o
10017561,1001812,LE JOUR,11,o
10001473,11056,DECORTE,65,o
10001625,19125,DEESSE,8,o
10026416,1002966,DEMEDICOTEM,5,o
10012352,1001395,DERMAFIRM,43,o
10015487,1001714,DERMALL MATRIX,7,o
10006787,19888,DERMALOGICA,35,o
10011144,1001320,DESSIN,12,o
10009663,1001123,DEWYCEL,12,o
10001649,18205,DEWYTREE,46,o
10021831,1002424,DIAPIA,19,o
10019769,1002147,DIEL,37,o
10000130,10073,DIOR,212,o
10001673,16398,DIPTYQUE,163,o
10025071,1002715,DLA,28,o
10001721,17406,DONGINBI,72,o
10002633,19690,DR+LIM'S,18,o
10018741,1002007,DR.ALTHEA,42,o
10026341,1002923,DR.BRONNERS,30,o
10001745,18907,DR.BROWN,54,o
10001753,16986,DR.CILABO,47,o
10024293,1002666,DR.MIND,23,o
10024335,1002688,DR.ORACLE,21,o
10012158,1001370,DR.PEPTI+,24,o
10001769,16421,DR.PHAMOR,64,o
10024107,1002627,DR.YOUNG,37,o
10026787,1002996,AVAM,10,o
10013730,1001559,AWESOME NEEDS,132,o
10000070,10031,BALLY,448,o
10000515,19752,BARREL FITNESS,77,o
10000921,17482,BEAN POLE,440,o
10009516,1001111,BESSON JOUJOU,64,o
10006683,19789,BLACKYAK,251,o
10008486,19940,BOY LONDON,571,o
10005667,19870,BROOKSBROTHERS,315,o
10020558,1002293,CALLAWAY,182,o
10000098,19717,CALVIN KLEIN,45,o
10015013,1001647,CAMBRIDGE SATCHEL,98,o
10006699,19883,CARLYN,191,o
10026807,1002998,CDSD,21,o
10027058,1003068,CHLOE,77,o
10026672,1002414,CILOCALA,250,o
10001457,10290,COACH,1089,o
10023169,1002536,CONTINEW,63,o
10001481,16796,COURONNE,153,o
10011685,18118,CUTIES AND PALS,24,o
10009011,17481,DAKS,624,o
10000154,16479,DAKS(LONDON),313,o
10001617,18795,DECKE,69,o
10020335,1002257,DELL'EST,42,o
10001857,16517,EASTPAK,118,o
10025224,1002792,ELAGO,93,o
10023159,1002534,ELBATEGEV,16,o
10026817,1003003,EMP.T LABEL,12,o
10025152,1002785,ENTRE REVES,53,o
10001969,10142,ETRO,586,o
10019518,1002119,EVISU,173,o
10000577,10134,Ermenegildo Zegna,201,o
10012533,1001368,FENNEC,58,o
10011012,1001300,FILA KIDS,923,o
10011010,1001225,FILA SPORTS,1528,o
10010648,1001251,FINDKAPOOR,148,o
10002089,19445,FORB,61,o
10026937,1003049,FORMEL CAMELE,30,o
10027040,1003066,FRONTROW,52,o
10002145,10256,FURLA,244,o
10026837,1003029,GENERAL IDEA STANDARD,27,o
10026847,1003004,GU_DE,11,o
10002353,17827,HAZZYS,921,o
10026521,1002981,HAZZYS KIDS,83,o
10008376,19931,HELEN KAMINSKI,175,o
10026066,1002902,HIEMS COR,69,o
10026857,1003030,HOZE,48,o
10000284,16403,HUGO BOSS,308,o
10024355,1002691,INCASE,66,o
10025363,1002805,INSTANT FUNK,93,o
10010863,1001269,J.ESTINA,370,o
10027396,1003118,JAMIEWANDER,31,o
10002689,17991,JILL STUART,459,o
10003705,18985,JIMMY CHOO,120,o
10009019,1001040,JOSEPH&STACEY,247,o
10006939,19882,JOYGRYSON,83,o
10003793,17849,KANGOL,331,o
10025662,1002846,KANGOL KIDS,140,o
10026867,1003031,KINDER SALMON,39,o
10003857,10318,KIPLING,1052,o
10008368,19926,KWANI,48,o
10008684,19949,LACOSTE LEATHER GOODS,27,o
10017995,1001917,LANG&LU,68,o
10026002,1002891,LIKALIKA,11,o
10004065,19617,LIPAULT,63,o
10004129,10321,LONGCHAMP,387,o
10026330,1002950,LOUIE OOIE,10,o
10004153,16152,LOUIS QUATORZE,547,o
10004161,16576,LOVCAT,302,o
10026481,1002974,MADMARS,28,o
10004297,10251,MANDARINA DUCK,603,o
10012385,1001415,MANUELLA,30,o
10008441,19807,MARC JACOBS,174,o
10011474,1001350,MARGESHERWOOD,30,o
10019385,1002100,MARK&LONA,113,o
10008431,16376,MAXMARA,56,o
10004353,19517,MELISSA,308,o
10004361,17317,MEN'S COLLECTION,277,o
10004369,16586,METROCITY,565,o
10006363,19863,MLB,686,o
10011512,1001354,MLB KIDS,227,o
10008724,19925,MOGONE,11,o
10000398,10354,MONTBLANC,1226,o
10012851,1001473,MUTEMUSE,46,o
10026491,1002952,NERDY,139,o
10026014,1002894,NEWERA,243,o
10026727,1003017,NOHANT,23,o
10024456,1002718,NOMATTER,6,o
10013738,1001566,OIOI,111,o
10004825,16556,OROBIANCO(VETRINA),102,o
10004833,19376,ORYANY,136,o
10026897,1003001,OTHERAND,17,o
10011834,1001375,PALLA,62,o
10026697,1003010,PANTONE,38,o
10004913,18349,PHILIPP PLEIN,13,o
10026907,1003002,PLAYNOMORE,13,o
10020460,1002278,PLEATSMAMA,43,o
10011152,1001326,POLO RALPH LAUREN,191,o
10019861,1002174,RAWROW,207,o
10027315,1003100,RECTO,58,o
10013525,1001535,RIDAZ,6,o
10021808,1002420,ROMANTIC CROWN,185,o
10003257,18124,RONCATO,72,o
10008788,19939,ROSA.K,73,o
10003313,18255,Roberta Pieri,336,o
10003321,10102,S.T. DUPONT,126,o
10006523,19893,SAMANTHA THAVASA,154,o
10024365,1002693,SAMO ONDOH,17,o
10003377,10498,SAMSONITE,357,o
10013322,1001512,SERIES,66,o
10026167,1002917,SMIGGLE,38,o
10017220,1001804,STRETCH ANGELS,97,o
10019538,1002123,SUAVELAMAN,54,o
10013173,1001487,SURFEA,67,o
10004977,10473,SWAROVSKI,1072,o
10012400,1001413,SWIB,69,o
10012022,1001386,TALLI,89,o
10005129,16304,THE NORTH FACE,647,o
10024446,1002716,THREE KNOCKS,49,o
10008824,19905,TRAVEL BLUE,53,o
10026261,1002936,TRAVELMATE,41,o
10005297,16946,TROIKA,45,o
10005313,10528,TUMI,525,o
10014799,1001622,UNDER ARMOUR,151,o
10000486,11107,VIVIENNE WESTWOOD,939,o
10025044,1002675,VLEEDA,49,o
10019170,1002061,VUNQUE,103,o
10006192,19803,Victorias Secret,378,o
10014573,1001612,WANNA ONE,2,o
10005625,18555,YEUNWOO,262,o
10002953,18084,rouge&lounge,301,o
10000649,11063,AGATHA,590,o
10008462,17520,AIGNER,71,o
10020610,1002298,ALAINN,72,o
10000681,11101,ALBA,160,o
10000713,19666,AMETH JEWELRY,26,o
10006739,19842,COMVITA,31,o
10008878,19970,COOL SSHA,12,o
10001489,19624,CP-1,1,o
10027285,1003094,CURLYSHYLL PROFESSIONAL,12,o
10001633,19415,DENTISTE,21,o
10008604,16205,DKNY,12,o
10000194,16395,DOLCE & GABBANA,52,o
10017633,1001878,DR.FORHAIR,10,o
10001793,17967,DURANCE,23,o
10023664,1002591,EFLASH,14,o
10024252,1002610,ELLIPS,6,o
10000206,16200,EMPORIO ARMANI,7,o
10000219,18486,Ermenegildo Zegna,4,o
10002033,16500,FERRARI,19,o
10016828,1001759,FORMULA OF BEAUTY,30,o
10005025,16492,GLAMPALM,8,o
10012826,1001468,HAYASHI,15,o
10027335,1003105,HEADSPA7,10,o
10000283,16399,HUGO BOSS,29,o
10000282,10243,HUGO BOSS,62,o
10019237,1002076,HairBeam,1,o
10006923,19879,JEAN PAUL GAULTIER,1,o
10006248,17336,JIMMY CHOO,29,o
10020071,1002210,JMW,9,o
10017023,1001772,JSOOP,21,o
10003753,16706,JUICY COUTURE,25,o
10003833,19199,KERASTASE,48,o
10025288,1002780,KNEIPP,27,o
10010305,1001205,KYUSOKUJIKAN,7,o
10000342,10320,LANVIN,23,o
10017299,1001838,LET HER MAKE-OVER,2,o
10021629,1002362,LOEWE,18,o
10000359,16210,MARC JACOBS,48,o
10018101,17702,MARVIS,23,o
10016651,1001731,MEDI HEALLY,13,o
10009647,1001122,MEGATEN,11,o
10025897,1002876,MEMO,34,o
10004449,18768,MISEENSCENE,6,o
10000386,19683,MIU MIU,30,o
10004529,16497,MOSCHINO,20,o
10004585,17990,Maison Francis Kurkdjian Paris,37,o
10004617,16686,NARCISO RODRIGUEZ,32,o
10004649,18915,NATURE`S TOP,32,o
10012756,1001452,NZORIGIN,43,o
10008732,19904,OMRON,10,o
10020103,1002216,ORIBE,27,o
10006419,19821,Oral-B,31,o
10004849,10420,Origin-A,61,o
10022273,1002443,PLAGENTRA,3,o
10010393,1001209,RAUSCH,21,o
10006499,19795,RED SEAL,7,o
10003201,11068,RENE FURTERER,57,o
10006515,19839,RUCIPELLO,42,o
10003305,18034,RYO,34,o
10011846,1001378,SALUA,191,o
10003353,18965,SALUS,6,o
10012549,1001433,SENSODYNE,1,o
10010493,1001239,SEOUL SKY,36,o
10017890,1001915,SHOWKINGPOD COLOR,1,o
10003489,19416,SIXPAD,36,o
10018836,0,LE LABO,0,x
10007087,19898,TANKI FAMILY,13,o
10012369,1001411,LEE YOUNGAE,31,o
10019160,17364,THE DIFFERENT COMPANY,45,o
10020861,1002046,LG PRA.L,15,o
10010579,1001066,TIFFANY & CO.,18,o
10005257,16207,TOMMY HILFIGER,4,o
10007031,19800,LINDSAY,45,o
10026157,1002915,TRUDON,27,o
10007039,19858,LIRIKOS,19,o
10010035,1001180,VODANA,27,o
10026361,1002956,LITS,6,o
10019449,1001994,W.DRESSROOM,23,o
10004089,11011,LOCCITANE,138,o
10027528,1003139,WONDER TREND,8,o
10009743,10331,LOLITA LEMPICKA,19,o
10002889,18648,illi,2,o
10004137,10314,LOREAL PARIS,238,o
10003057,10425,1A CLASSE,69,o
10010897,1001306,LULULUN,4,o
10019117,1002052,ACME DE LA VIE,144,o
10026391,1002962,LUMENE,20,o
10008250,19960,ALLSAINTS,182,o
10008856,19944,LUNA,38,o
10000705,17563,AMERICAN TOURISTER,74,o
10004193,16445,LUNASOL,133,o
10026980,1003056,ATELIER PARK,21,o
10025403,1002815,LUPIUM,26,o
10000231,16422,FENDI,115,o
10004201,17989,LUSH,284,o
10002113,10179,FOSSIL,122,o
10004225,16666,Leaders Cosmetic,70,o
10002121,16147,FREDERIQUE CONSTANT,116,o
10019395,1002067,FURLA,55,o
10002153,16467,Flik Flak,88,o
10013771,1001568,GET ME BLING,162,o
10000270,16103,GUESS,288,o
10002305,19668,Golden dew,221,o
10011279,1001339,HAESOO.L,199,o
10002321,17149,HAMILTON,169,o
10024040,1002637,HEI,90,o
10026687,1002983,HESTIA,123,o
10002545,18405,INGERSOLL,59,o
10002641,16100,J.ESTINA,817,o
10024406,1002708,JEWEL COUNTY,31,o
10008258,19959,JUNKERS,38,o
10003769,16089,JUVIA,94,o
10011287,1001341,KATENKELLY,168,o
10011266,1001337,KNOT,200,o
10024138,1001227,LACOSTE,80,o
10008700,16113,LEGO (WH),53,o
10013746,1001569,LOVE ME MONSTER,84,o
10004185,18895,LUMINOX,42,o
10010921,1001312,LYTT LABS,6,o
10004249,16002,M.D Jewelry,11,o
10020183,1002234,MAMA CASAR,74,o
10024416,1002704,MATIAS,38,o
10023831,1002606,METROCITY (JEW),44,o
10020167,16456,MICHAEL KORS,77,o
10004385,17421,MICHEL HERBELIN,45,o
10004393,17126,MIDO,172,o
10013634,1001544,MILIMETER,88,o
10004425,17693,MILTON STELLE,72,o
10008716,19897,MILTON STELLE,177,o
10004441,16504,MISAKI,177,o
10010664,1001266,MONDAINE,41,o
10006387,19900,MONICA VINADER,417,o
10009866,1001159,MOVADO,68,o
10022598,1002492,MZUU,44,o
10026917,1003009,NADD VILLAGE,113,o
10021535,1002382,NOONOO FINGERS,111,o
10004817,10444,ORIS,133,o
10024426,1002707,OVT,57,o
10024148,1002655,Olivia Burton,77,o
10004857,17449,PANDORA,1179,o
10013660,1001549,PAUL BRIAL,163,o
10000427,16159,PAUL SMITH,67,o
10026767,1003025,PAULVICE,45,o
10002977,17802,PILGRIM,369,o
10006467,18475,PONTE VECCHIO,103,o
10003129,18085,Pot de miel,8,o
10006491,19845,QEELIN,49,o
10003145,10446,RADO,245,o
10003265,17886,ROPEKA,218,o
10003273,16519,ROSEMONT,122,o
10010086,1001163,Rosemont Jewelry,284,o
10006240,17914,SALVATORE FERRAGAMO,127,o
10003433,10474,SEIKO,159,o
10006539,19896,SEVENFRIDAY,36,o
10003505,16896,SKAGEN,120,o
10026056,1002901,SPACE42,126,o
10003673,16326,STONE HENGE,511,o
10006651,17106,SUUNTO,56,o
10004985,10476,SWATCH,479,o
10000601,10231,TAG HEUER,101,o
10011295,1001343,TATIANA,229,o
10009466,11078,THOMAS SABO,272,o
10005209,10504,TISSOT,229,o
10020591,0,ESTEE LAUDER,0,x
10001985,19056,EUBOS,15,o
10006811,19902,EUCERIN,44,o
10019644,1002131,EVE LOM,31,o
10019610,1002087,EVIDENS DE BEAUTE,19,o
10020059,1002206,FACE FACTORY,12,o
10022073,1002428,FADE OUT,7,o
10020143,1002224,FARMACY,21,o
10012786,1001459,FAU,11,o
10024221,1002664,FENTY BEAUTY,78,o
10000451,16294,FERRAGAMO,55,o
10017140,1001787,FFLOW,26,o
10025517,1002812,FILLIMILLI,44,o
10019632,1002138,FILORGA,42,o
10027446,1003127,FIRST AID BEAUTY,20,o
10022395,1002397,FLOREVE,6,o
10022437,1002457,FOELLIE,14,o
10002105,18325,FOREO,68,o
10010355,1001207,FRANZ,14,o
10017430,1001855,FREEPLUS,23,o
10002129,11010,FRESH,135,o
10016876,1001766,For Beloved One,20,o
10021037,0,MAC,0,x
10004265,18649,MAKE ON,5,o
10025475,1002817,MAKE PREM,16,o
10004273,11108,MAKE UP FOR EVER,117,o
10014874,1001610,MAKEHEAL,84,o
10004281,18416,MAMACHI,15,o
10004289,17367,MAMBINO ORGANICS,1,o
10023635,1002569,MANYO FACTORY,13,o
10007047,19830,MARTIDERM,61,o
10007055,19785,MAXCLINIC,15,o
10004313,19682,MAYCOOP,11,o
10011458,1001353,MDNA SKIN,25,o
10004321,18156,MEDI-PEEL,19,o
10004329,18245,MEDICON,1,o
10009907,1001166,MEDICUBE,40,o
10004337,17359,MEDIHEAL,124,o
10024189,1002661,MELANO CC,4,o
10006347,19843,MERBLISS,14,o
10015497,1001716,MIBA,31,o
10016760,1001747,MIGUHARA,13,o
10026296,1002942,MILLION RED,6,o
10021660,1002399,MIRACLETOX,13,o
10004457,16255,MISSHA,172,o
10013309,1001510,MONGDIES,30,o
10002785,17842,ZASPERO,112,o
10009396,1001086,ANTONELLA FERRANTE(vetrina),45,o
10017192,1001826,BOGS,18,o
10020867,1002326,SLIMWALK,28,o
10019311,1002089,ACTTO,16,o
10027016,1003062,AINTCRACK,53,o
10022846,1002517,ALETA SANDALS,18,o
10010524,1001226,ANDAR,222,o
10000059,16473,ANNA SUI,54,o
10014545,1001594,AQURUN,14,o
10000857,19207,BABY BANZ,44,o
10025204,1002673,BAEZUAN,61,o
10021339,1002361,BALENCIAGA (EYE),64,o
10026583,1002994,BALIBIKI,78,o
10000071,17654,BALLY,66,o
10000881,17562,BALMAIN,97,o
10000889,19724,BAMBOOBEBE,184,o
10019127,1002054,BARBOUR Fashion,60,o
10000514,19396,BARREL,203,o
10025816,1002862,BEANPOLE MEN,107,o
10013509,1001531,BENSIMON KIDS,13,o
10013762,1001573,BIGMOUTH,32,o
10001041,19627,BIRKENSTOCK,99,o
10026797,1002997,BLACX_ YOHANIX,95,o
10009671,1001124,BOGNER,26,o
10001081,19146,BOLON,2,o
10006691,19628,BOTTEGA VENETA,149,o
10024060,1002640,BRACHIO,14,o
10014962,1001632,BUTTERFLY TWISTS,15,o
10008502,11124,BVLGARI,54,o
10001185,17807,BYWP,179,o
10000096,11095,CALVIN KLEIN,60,o
10019753,1002161,CALVIN KLEIN FASHION,100,o
10005731,19716,CALVIN KLEIN UNDERWEAR,62,o
10008518,10554,CAMPER,332,o
10001265,19693,CARIN,111,o
10027416,1003122,CASTELBAJAC,80,o
10013355,1001508,CCILU,8,o
10009046,1001030,CGUARD,21,o
10000118,16131,CHLOE,32,o
10026673,1002990,CILOCALA,4,o
10009054,1001049,CLICCLAC,139,o
10026757,1003023,CLOTTY,16,o
10000142,16133,COACH,40,o
10019905,1002181,CROCS,78,o
10025565,1002836,CUSTOMUS,76,o
10017348,1001861,Caddy Talk,1,o
10006771,19787,DAVIDOFF CIGAR,24,o
10014553,1001607,DESIGN SKIN,126,o
10026653,1002921,DIESEL,77,o
10000168,19615,DIESEL,4,o
10008935,11002,DIOR,67,o
10010385,19910,DISNEY(EYE),33,o
10006268,16506,DOLCE & GABBANA,2,o
10021609,1002381,DR.MARTENS,74,o
10022701,1002496,DUAL BREATHER,10,o
10010150,19906,DUPONT CLASSIC,43,o
10001873,18295,ECCO SHOES,272,o
10001881,17911,ED Hardy,29,o
10026553,1002988,EIGHT8BALL,43,o
10009709,1001139,ELODIEDETAIL,56,o
10021788,1002417,EMPORIO ARMANI UNDERWEAR,20,o
10001937,19754,EMU,74,o
10001961,11089,ESCADA,73,o
10020982,11093,ETRO(EYE),32,o
10002001,18488,EYETRIBE,16,o
10023841,1002514,FAKE ME,72,o
10000232,17891,FENDI,80,o
10009128,16212,FENDI (vetrina),263,o
10012488,19555,FILA,109,o
10017503,1001858,FILA GOLF,122,o
10011011,1001299,FILA UNDERWEAR,491,o
10020346,1002259,FITFLOP(vetrina),96,o
10014563,1001606,FURLA (vetrina),49,o
10009321,1001064,GGOMOOSIN,13,o
10006256,11094,GIVENCHY,50,o
10019664,1002142,GOLDEN GOOSE,113,o
10002209,17046,GOLFBUDDY,4,o
10020960,1002344,GUARDY,2,o
10022618,19852,GUCCI,259,o
10000271,16906,GUESS,1,o
10025132,1002671,Graphiste Man.G,79,o
10008644,19932,HAVAIANAS,74,o
10025034,1002679,HOLY NUMBER 7,40,o
10023235,1002543,INSTANTTATTOO,58,o
10022304,1002448,IPANEMA,52,o
10026747,1003021,ISTKUNST,42,o
10000298,16431,JILL STUART,271,o
10025065,1002678,JULIY & CALLA,31,o
10003801,18148,KAREN WALKER,76,o
10003809,16440,KARL LAGERFELD,39,o
10025173,1002749,KATE SPADE,18,o
10000311,16214,KENZO,58,o
10000312,17782,KENZO,45,o
10016747,1001745,KINKI ROBOT,28,o
10003873,19486,KIVULI,49,o
10006987,19762,KOLON SPORT,47,o
10003897,18147,KSUBI,8,o
10012195,17450,LACOSTE,100,o
10007011,19873,LACOSTE SHOES,36,o
10003953,18266,LAMY,177,o
10000343,16217,LANVIN,173,o
10003985,19708,LAPIZ SENSIBLE,264,o
10004017,18045,LEONARD(VETRINA),21,o
10009508,1001109,LETS SLIM,99,o
10013517,1001533,LITTLEHOTDOGWATSON,9,o
10004097,11090,LOEWE,18,o
10021018,1002349,LONGCHAMP (EYE),20,o
10017461,1001880,LOUIS QUATORZE,40,o
10004169,19751,LUCKY CHOUETTE,236,o
10004217,19646,Le Specs,61,o
10026737,1003019,MANNYLONQ,40,o
10000358,10551,MARC JACOBS,48,o
10026877,1003032,MARRON EDITION,20,o
10008708,19909,MARVEL(EYE),9,o
10024886,1002751,MAUI JIM EYE,45,o
10015149,1001675,MCQ,22,o
10025194,1002672,MILOGREM,51,o
10006355,19834,MILOMILO,8,o
10004433,19736,MINK ELEPANG,178,o
10000785,0,ARMANI SWISS,0,x
10019742,1002159,MINKMUI,280,o
10013363,1001519,ATTICA,143,o
10004465,16737,MISSONI(VETRINA),110,o
10002809,17731,BACIO BACI,240,o
10025575,1002832,MITTE,27,o
10000593,17913,BAUME & MERCIER,21,o
10000387,19711,MIU MIU,40,o
10020763,1002315,BERING,71,o
10026717,1003015,MIZLINE,7,o
10010929,1001314,BRADLEY TIMEPIECE,22,o
10023781,1002582,MLB eyewear,185,o
10008494,19954,BRISTON,73,o
10015003,1001648,MO SPORTS,16,o
10000095,11004,CALVIN KLEIN,314,o
10006371,19856,MOLSION,69,o
10006707,19804,CARVEN,210,o
10006379,19891,MONCLER,69,o
10000400,18467,MONTBLANC (EYE),52,o
10001273,10291,CASIO,430,o
10009368,1001081,MOOSE KNUCKLES,38,o
10020312,1002253,CHOW TAI FOOK,68,o
10025214,1002712,MOTIVE STREET,36,o
10001393,16347,CITIZEN,214,o
10026887,1003000,MOVEWARM,33,o
10000143,17446,COACH,63,o
10026968,1003053,MSGM,40,o
10026271,1002938,CORUM,36,o
10018543,1002022,MULAWEAR,292,o
10023388,1002559,COTTINY,164,o
10004593,17910,Marie Claire,38,o
10010389,1001135,DAMIANI,65,o
10024531,1002730,NAIN,78,o
10010656,1001264,DEBASSQQ,22,o
10024050,1002608,DIAME,37,o

10025585,1002833,NEARANDDEAR,65,o
10001657,19505,DIDIER DUBOT,459,o
10004681,19516,NEW BALANCE,71,o
10000166,11064,DIESEL,81,o
10025702,1002750,NIKE EYE,69,o
10001681,17590,DISNEY,37,o
10004697,10392,NIKON,2,o
10008596,11006,DKNY,61,o
10025595,1002834,NU PARCC,16,o
10001801,16439,Daeho Amethyst,29,o
10004753,10436,OAKLEY,208,o
10001809,18397,Daniel Wellington,167,o
10024891,1002753,OLIVER PEOPLES,44,o
10026130,1002909,Oh L,48,o
10026707,1003013,P-31,4,o
10004873,10411,PARKER,111,o
10014819,1001626,PASHMA,89,o
10019185,1002064,PITTA,11,o
10025637,1002845,POLAROID,49,o
10003025,11091,POLICE,100,o
10003049,16471,PORSCHE DESIGN,27,o
10000438,11041,PRADA,118,o
10008748,19953,PUMA(EYE),25,o
10003169,10445,RAY-BAN,258,o
10003217,19697,RETRO SUPER FUTURE,41,o
10003297,16137,RUDY PROJECT,240,o
10006244,17721,S.T. DUPONT,85,o
10000500,19629,SAINT LAURENT,162,o
10000450,10161,SALVATORE FERRAGAMO,201,o
10006531,19887,SEKANSKEEN,57,o
10023709,1002584,SHINJEO,51,o
10013803,1001582,SISLEY,30,o
10023428,1002565,SKECHERS,92,o
10024521,1002700,SLEEPYSLIP,46,o
10019404,1002073,SLIM9,32,o
10006571,19790,SODAMON,50,o
10024881,1002747,SONIA RYKIEL,34,o
10006627,19847,SP-68,11,o
10012517,1001399,SPANX,25,o
10003625,19701,SPLENDIE,4,o
10003633,19237,SRIXON,3,o
10003657,19694,STEPHANE CHRISTIAN,424,o
10006619,19824,SUECOMMA BONNIE,118,o
10020213,1002241,SWAROVSKI EYE,51,o
10025164,1002676,Sorry Too Much Love,39,o
10005009,19722,Spaghetti Headz,14,o
10013533,1001532,TIP TOEY JOEY,33,o
10008894,16156,TOM FORD,160,o
10014809,1001624,TOMMY HILFIGER Fashion,84,o
10013459,1001506,TUSA,40,o
10025605,1002835,The Kstory,45,o
10005345,18155,UGG,111,o
10012377,19707,VEDI VERO,292,o
10005489,19641,VERRIS,104,o
10012541,1001424,VERUTUM,107,o
10005513,18042,VICTRIX(VETRINA),118,o
10025091,1002752,VIEU,61,o
10005529,16151,VIKTOR & ROLF,243,o
10000487,19645,VIVIENNE WESTWOOD,91,o
10005553,18022,VOICE CADDIE,6,o
10020582,1002296,VVC,29,o
10006191,19801,Victorias Secret,299,o
10026280,19963,Victorias Secret Sports,117,o
10005585,10560,WATERMAN,40,o
10013668,1001542,WHITE SANDS,106,o
10026511,1002979,WINNER SPIRIT,1,o
10020533,1002260,XEXYMIX,173,o
10027028,1003064,Your Name Here,22,o
10002769,17882,ZADIG&VOLTAIRE,18,o
10019716,1002155,ZAXY,91,o
10026140,1002911,ZERO STREET,65,o
10010834,1001287,flapjacks,28,o
10002945,17447,repetto,186,o
10012764,1001454,ANGOOK HEALTH,14,o
10000761,18975,ANTHON BERG,19,o
10010061,1001172,APPLE TREE,7,o
10018389,1002004,ARIZWELL,8,o
10026541,1002973,BAEKROKDANG,3,o
10018379,1002002,BIBIGO,16,o
10020749,1001077,BINGGRAE,1,o
10019506,1002116,BIOCYTE,10,o
10005217,0,TITONI,0,x
10020397,1002237,TOMMY HILFIGER,46,o
10013484,18835,TORY BURCH,55,o
10018005,11037,TOUS,89,o
10005289,19665,TRIGENCO,12,o
10008832,19921,TRIWA,55,o
10009883,1001164,Trois rois,174,o
10005425,17843,VALENTINO RUDY,97,o
10023221,1002503,VICTORINOX,66,o
10006183,17705,VIVIENNE WESTWOOD,37,o
10009037,17726,Versace,77,o
10013541,1001534,WATCHITUDE,7,o
10016575,1001723,WEST ISLAND,89,o
10010846,1001293,GRN,33,o
10002273,19622,GUYLIAN,14,o
10007223,16007,Goryeo Ginseng Product Trading Company,15,o
10026308,1002945,HANGOVERJOE'S,3,o
10002425,18735,HILACTO,9,o
10002417,18037,HIWELL,33,o
10006891,19899,HONEY BUTTER ALMOND,24,o
10011238,1001228,HONEY SPOON,31,o
10016916,1001770,HURUM,4,o
10020739,16154,HWANG JAK,33,o
10002497,16451,Hawaiian Host,14,o
10018755,1002031,IBL,2,o
10009458,1001093,Innerb,5,o
10009492,1001100,JW Pharmaceutical,2,o
10003881,18815,KOREAEUNDAN,3,o
10006995,19812,KUSMI,1,o
10022143,1002436,KWANGDONG,13,o
10003921,16067,L-GA,89,o
10023522,1002577,LIVING HEALTHY,20,o
10026286,1002940,MAEIL CORE PROTEIN,2,o
10002729,10381,MAUNA LOA,14,o
10009062,1001048,MISONG,31,o
10009858,1001154,MY NI,14,o
10020359,0,BYO,0,x
10013399,1001521,CALOBYE,19,o
10001337,17362,CENOVIS,31,o
10012748,1001450,CHEONJIYANG,6,o
10020798,19833,CHEONSAMWON,9,o
10017493,1001807,CLPHARM,4,o
10010190,1001196,COCOA ENJOY,82,o
10001465,16026,COLOMBIN,87,o
10006747,19878,CORORO,7,o
10008568,19942,Cartwright & Butler,36,o
10019684,1002148,Centrum,7,o
10017910,1001952,Chug Kun Dang Healthcare,15,o
10023881,1002612,Chunho Ncare,26,o
10021470,1002376,DAITO,5,o
10021292,1002359,DENPS,2,o
10001641,18736,DEVIL DIET,5,o
10025692,1002852,DILMAH,24,o
10012219,1001407,DUOLAC,11,o
10022457,1002463,De Simone,1,o
10023941,1002617,EASY TOMORROW,2,o
10020021,1002201,ENVITAL,5,o
10018068,1001973,ESTHE PRO LABO,12,o
10023117,1002525,EVER COLLAGEN,9,o
10006827,19796,FND,31,o
10010532,1001242,FromBIO,5,o
10010887,1001304,GANMANSE,4,o
10013451,1001527,GIUSEPPE GIUSTI,13,o
10002185,16420,GNC,179,o
10002193,10227,GODIVA,44,o
10002225,19435,GQLAB,8,o
10021619,1002393,KLUG,10,o
10007023,17156,LEICA,56,o
10020837,16444,LG ELECTRONICS,8,o
10010705,1001113,ONANKOREA,6,o
10020641,1002303,RIDIBOOKS,10,o
10023891,1002614,SENNHEISER,10,o
10003601,10472,SONY,240,o
10025743,1002854,VAUZEN,2,o
10020120,1002220,ionion,1,o
10015218,1001690,ALESSI,30,o
10000865,18606,BABY MUFFIN,25,o
10001089,19744,BONYNDOG,22,o
10019528,1002121,CORKCICLE,88,o
10001705,18456,DM KOREA,1,o
10026501,1002977,ELBINI&CO,27,o
10026990,1003055,FITPET,4,o
10012203,1001392,HANNAH PAD,16,o
10026034,1002898,HOWLPOT,45,o
10025275,1002802,HYDRO FLASK,30,o
10027481,1003132,Horizon&co,2,o
10012794,1001461,IONSPA,10,o
10002617,19749,ITS DOG,38,o
10003745,18367,JOONG-IL METAL,9,o
10006955,19885,KANUDA,55,o
10010937,1001316,KOREAN GIFT,16,o
10020203,1002239,LE CREUSET,83,o
10025625,1002818,MONCHOUCHOU,56,o
10024093,1002643,MOSH,33,o
10012150,1001391,NATRA CARE,8,o
10017286,1001849,"OH,SCENT!",29,o
10003225,18077,RICE,63,o
10003561,19742,SNIFF,59,o
10005169,19356,THERMOS,35,o
10005617,16897,YANKEE CANDLE,158,o
10002793,18906,Zojirushi,70,o
10010878,1001302,ainsoap,22,o
10002873,19355,foogo,16,o
10009701,1001142,3SPORUTS,18,o
10009693,1001140,ADENANAIS,81,o
10010091,1001176,AVENT,22,o
10012559,1001435,B.BOX,80,o
10027144,1003081,BABYBJORN,10,o
10026024,1002896,BEBERICHE,8,o
10013888,1001589,BELLEMENT,45,o
10011693,1001362,BRUSHIES,9,o
10014583,1001614,COGNIKIDS,6,o
10023623,1002587,EDISON,18,o
10001953,17381,ERGOBABY,29,o
10006819,19855,FLIPAZOO,4,o
10002241,19446,GREENTOYS,22,o
10025054,1002775,GROSMIMI,31,o
10002281,17555,GYMBOREE,70,o
10009717,1001141,HOTSLING,7,o
10025022,1002735,IRANG,6,o
10002657,19719,JANOD,2,o
10004009,16438,LEGO TOY,95,o
10010873,1001285,LOLLALAND,7,o
10017202,1001828,NAPUP,3,o
10003017,18665,POGNAE,7,o
10003121,18076,Plus-Plus,12,o
10006507,19860,RICHELL,63,o
10006579,18425,SORBEBE,2,o
10024376,1002695,SPLASH,11,o
10003689,19715,SUAVINEX,115,o
10004969,17386,SWADDLE DESIGN,38,o
10026217,1002928,UBMOM,7,o
10002817,18716,caaocho,27,o
10002841,19025,comotomo,13,o
10002857,18146,ergoPouch,24,o
10025184,1002771,icecreamfairy,20,o
10010945,1001288,matchstick monkey,12,o
10019704,1002153,N welth,2,o
10010905,1001308,Electricianz,6,o
10025615,1002842,NUTRALIFE,16,o
10010632,1001260,NutrioneLife,18,o
10020665,1002307,OCTAMINOX,5,o
10026250,1002934,OLEA,15,o
10006411,19861,ORTHOMOL,14,o
10002537,16006,PHOENIX GINSENG,40,o
10020243,1002245,PHYTONUTRI,14,o
10008192,17451,RAYDEL,2,o
10003185,19720,READY Q,5,o
10027345,1003109,RICOLA(CANDY),7,o
10003281,18595,ROYAL,60,o
10025982,1002889,SAMDAEIN,8,o
10013443,1001525,SAVINI TARTUFI,13,o
10025938,1002879,SHOYO,1,o
10025245,1002797,SK bioland,1,o
10023139,1002530,SKINNY LAB,12,o
10003577,17486,SOLGAR,32,o
10003593,19197,SONGKANGDANG,17,o
10018765,1002033,SVELTY,4,o
10020925,1002337,SYSPANG,4,o
10005065,19198,TEA FORTE,21,o
10025950,1002881,TRADITIONAL FOOD,18,o
10008772,19951,TREE KOREA,23,o
10005321,18935,TWG TEA,48,o
10017668,1001900,UHA Gummy supple,12,o
10019935,1002187,VITALBEAUTIE,19,o
10024345,1002663,WEEKLY LAB,13,o
10002753,17400,Yangban Seaweed Laver,12,o
10020940,1002340,chungjungone,5,o
10002825,16485,chunho food,1,o
10018480,1002012,metabolic,5,o
10025886,1002856,ABKO,32,o
10000673,19620,AIRSAVE,7,o
10016932,1001769,ANKER,41,o
10000913,17834,BANG & OLUFSEN,59,o
10024634,1002744,BELKIN,17,o
10001105,16596,BOSE,28,o
10001145,19737,BRITZ,6,o
10001209,19648,Beats by Dr. Dre,43,o
10025353,1002809,CANON INSPIC,4,o
10008562,17655,CUCKOO,11,o
10027164,1003087,DANGCOOK,1,o
10001689,19165,DISNEY & MARVEL,80,o
10025101,1002742,DJI,19,o
10001777,19619,DR.USB,4,o
10025433,1002804,ELVA,14,o
10008620,19941,FILSON,1,o
10002137,18855,FUJIFILM,40,o
10010043,1001179,GARMIN,30,o
10024158,1002657,GUERILLA,10,o
10002297,17822,GoPro,21,o
10012006,1001382,HARMAN,23,o
10002473,18417,HUBDIC,2,o
10006899,17707,HUROM,8,o
10026662,1003005,ICLEVER,11,o
10010344,1001204,ISAW,2,o
10020877,1002328,JABRA,11,o
10002169,10192,GIVENCHY,207,o
10002177,19618,GLAMGLOW,31,o
10002313,17937,GOONGBE,28,o
10006843,19831,GREEN FINGER,15,o
10025488,1002826,GREEN HARMONY,2,o
10002257,18117,GUERISSON,23,o
10002265,10195,GUERLAIN,217,o
10006867,19836,HADALABO,27,o
10018015,1001965,HALF MOON EYES,6,o
10019107,1002035,HANYUL,56,o
10023961,1002623,HATHERINE,21,o
10011466,1001356,HATOMUGI,2,o
10002369,10235,HELENA RUBINSTEIN,77,o
10002385,18177,HENCKELS,40,o
10002393,16234,HERA,97,o
10002401,17016,HERBACIN,18,o
10006883,10230,HERMES,157,o
10002433,19710,HIMALAYA,36,o
10002449,18419,HOLIKA HOLIKA,180,o
10017481,1001874,HONGSHOT,31,o
10002489,19770,HUXLEY,53,o
10002505,17986,Hwangpungjeong,90,o
10026531,1002985,I'M FROM,20,o
10022293,1002441,IBAEBAE,8,o
10027154,1003085,IBL BEAUTY,2,o
10018025,1001969,ID,16,o
10011250,1001297,INSbyN,17,o
10002561,17852,IOPE,84,o
10018523,1002014,IPSA,51,o
10002585,17691,ISA KNOX,7,o
10025298,1002781,ISDIN,16,o
10017033,1001774,ISNTREE,20,o
10002601,10267,ISSEY MIYAKE,45,o
10002625,17357,ITS SKIN,193,o
10013936,1001588,IWLT,33,o
10019654,1001887,J BEAUTY PARK,147,o
10006907,19809,JABUSHE,12,o
